,coef,std_err
phi,0.8948331962060498,0.029707414153080345
