,coef,std_err
phi,0.9022917641590872,0.030310454384843765
