,coef_t0,std_err0,tval0,pval0,nobs0,coef_t1,std_err1,tval1,pval1,nobs1,coef_t2,std_err2,tval2,pval2,nobs2,coef_t3,std_err3,tval3,pval3,nobs3
const,-0.00018838297661077154,4.433105438475229e-05,-4.249458516726957,2.1915922668075487e-05,4384.0,-0.0005490458137807911,7.606697054353761e-05,-7.217926648814544,6.28316319888218e-13,4384.0,-0.0010731802379724117,0.00010706133203252175,-10.023976141511245,2.249062807932232e-23,4384.0,-0.0016971984273283156,0.00014155174475538775,-11.98995060259557,1.437467805565256e-32,4384.0
beta_1,-0.6198609062667015,0.019829998164371365,-31.258747536366798,3.768074413122158e-192,4384.0,-0.572937008227105,0.022686240932388618,-25.25482339425992,1.0125739761795381e-130,4384.0,-0.5256715187981731,0.025679953890723407,-20.470111474307046,1.172087163164375e-88,4384.0,-0.48486153550262495,0.02769839356608336,-17.50504173990571,3.581466719439541e-66,4384.0
