,coef_t0,std_err0,tval0,pval0,nobs0,coef_t1,std_err1,tval1,pval1,nobs1,coef_t2,std_err2,tval2,pval2,nobs2,coef_t3,std_err3,tval3,pval3,nobs3
const,-0.00037369560903902993,9.797913248148821e-05,-3.814032637098869,0.0001386929424677461,4384.0,-0.001307363484063787,0.0001867483143994484,-7.000670866926168,2.9553087264038e-12,4384.0,-0.002486417912550296,0.0002382260102717508,-10.437222659750597,3.4148539659428567e-25,4384.0,-0.0037668900887853217,0.000293359827815549,-12.840510975326065,4.844362587854593e-37,4384.0
beta_1,0.04196237877133976,0.03307894942333204,1.2685523422863558,0.20467151369540085,4384.0,-0.044645975672419624,0.04624099676363481,-0.9655063427942896,0.33434719575120675,4384.0,-0.1138573290985726,0.047451292016247384,-2.399456880111667,0.01646298635185826,4384.0,-0.11892324301816126,0.048156098349220355,-2.469536509285882,0.013568545529594389,4384.0
