,coef_t0,std_err0,tval0,pval0,nobs0,coef_t1,std_err1,tval1,pval1,nobs1,coef_t2,std_err2,tval2,pval2,nobs2,coef_t3,std_err3,tval3,pval3,nobs3
const,-0.0004080738327330555,9.572348560895706e-05,-4.263048196971122,2.0614540103305297e-05,4354.0,-0.0013193723956410545,0.00018496500063116145,-7.133092158726903,1.1527814696290584e-12,4354.0,-0.0024989951651073926,0.0002356614421488401,-10.604174965241306,6.109483489033341e-26,4354.0,-0.0037597767635880177,0.00029115813843927656,-12.91317764202614,1.981921603248617e-37,4354.0
beta_1,0.043437766822000165,0.03332649778969609,1.3034002881463975,0.1925105465517822,4354.0,-0.047636680361301253,0.04666770771943254,-1.0207632362766605,0.3074262126467749,4354.0,-0.11803725001074879,0.04786790717418784,-2.4658953561771524,0.01370733691049949,4354.0,-0.12505307728883805,0.04848388502511068,-2.5792709726968206,0.009935065215675014,4354.0
