,coef_t0,std_err0,tval0,pval0,nobs0,coef_t1,std_err1,tval1,pval1,nobs1,coef_t2,std_err2,tval2,pval2,nobs2,coef_t3,std_err3,tval3,pval3,nobs3
const,-0.0004850000025710811,4.430737494380804e-05,-10.946259018643575,2.0465698000822583e-27,3627.0,-0.0012377162452312004,7.51756397243149e-05,-16.464326073847456,1.3766030099764918e-58,3627.0,-0.0022892539814148277,0.00010550062896373909,-21.698960507635,1.096643101103264e-97,3627.0,-0.0035266221364131816,0.00013940327001851682,-25.29798717020586,3.60495512758848e-129,3627.0
beta_1,-0.6277973405031501,0.021595154845051895,-29.07121273302643,1.4447125546898754e-165,3627.0,-0.5712238473767212,0.022558544721011327,-25.321839437837305,2.173335612085252e-129,3627.0,-0.517787685226628,0.023592349925422373,-21.947270486551925,9.552748260463103e-100,3627.0,-0.47064772117251996,0.024413257213160903,-19.278366547451082,1.510579469218016e-78,3627.0
