,mean_revisions,std_revisions,revisions_up,revisions_downn,revisions_na,mean_errors,std_errors
0,-0.010740985300871853,0.40399316913916755,0.47680293982544786,0.5231970601745521,0.0,0.00566251769236513,0.43454849456602596
1,-0.029711411733289596,0.5531817405702537,0.4508497932935232,0.5057418465778595,0.04340836012861737,-0.0009868866010050604,0.8701629398727685
2,-0.0461125849805209,0.6760742773996226,0.44441892512632064,0.5218190169958659,0.03376205787781351,-0.024076486377084556,1.237867398797407
3,-0.061057032526803195,0.7962506715497354,0.44832338079926504,0.5284795590261828,0.023197060174552135,-0.054949179917371686,1.5882487003759727
4,,,,,,-0.10784008747686107,1.9539884548793338
