,coef_t0,std_err0,tval0,pval0,nobs0,coef_t1,std_err1,tval1,pval1,nobs1,coef_t2,std_err2,tval2,pval2,nobs2,coef_t3,std_err3,tval3,pval3,nobs3
const,0.0011677104638617,0.0036637466865214866,0.3187203056798594,0.7499546779175283,4354.0,-0.005281034900496434,0.006986401128378682,-0.7559020450521986,0.4497508925478546,4354.0,-0.021584783600302353,0.006330825685466036,-3.4094736883777292,0.0006570981482355434,4354.0,-0.030471040827399345,0.0009838817839602518,-30.970225614656115,1.2810179671708158e-189,4354.0
beta_1,0.0434377668220006,0.033326497789696895,1.303400288146379,0.19251054655178843,4354.0,-0.04763668036130145,0.04666770771943277,-1.0207632362766597,0.3074262126467753,4354.0,-0.11803725001075148,0.04786790717418863,-2.465895356177168,0.0137073369104989,4354.0,-0.12505307728884518,0.048483885025111736,-2.5792709726969116,0.0099350652156724,4354.0
