,coef_t0,std_err0,tval0,pval0,nobs0,coef_t1,std_err1,tval1,pval1,nobs1,coef_t2,std_err2,tval2,pval2,nobs2,coef_t3,std_err3,tval3,pval3,nobs3
const,-0.00016009044642182585,8.194372721504099e-05,-1.953663225517045,0.05081786792687126,3627.0,-0.0007001449263506563,0.0001741272460312224,-4.020880949470221,5.916123075228293e-05,3627.0,-0.0015541108259657193,0.00023823601796938316,-6.523408337715943,7.824520547898426e-11,3627.0,-0.0025496883990054615,0.000287705122979357,-8.862158492702278,1.2064398360359435e-18,3627.0
beta_1,0.00610190991721951,0.03800330576383555,0.1605626088198403,0.8724468531476155,3627.0,-0.13565439080335467,0.05037243831457246,-2.693028079288166,0.007113214207896345,3627.0,-0.23663944906322537,0.04580205860055649,-5.166567973002642,2.512876516056308e-07,3627.0,-0.21852004079234716,0.04360489550275878,-5.011364854171521,5.662892772481486e-07,3627.0
