,coef_t0,std_err0,tval0,pval0,nobs0,coef_t1,std_err1,tval1,pval1,nobs1,coef_t2,std_err2,tval2,pval2,nobs2,coef_t3,std_err3,tval3,pval3,nobs3
const,-0.00019261716654493118,4.3894951354244166e-05,-4.388139423836203,1.1728719218153078e-05,4354.0,-0.0005386426055468091,7.565273062536902e-05,-7.1199360696464185,1.2751797523045677e-12,4354.0,-0.0010661111859613269,0.00010685031005369097,-9.977614341274434,3.567135719098485e-23,4354.0,-0.0016904258312283853,0.0001413012241387615,-11.963278036206843,1.9786611628725315e-32,4354.0
beta_1,-0.6214964759743912,0.01996074793077264,-31.13593128523287,1.1355385110464666e-190,4354.0,-0.5761675998229087,0.022935838345092985,-25.1208432477541,2.175368100082322e-129,4354.0,-0.5303486310235384,0.0260612282963069,-20.350101115483238,1.160658542172291e-87,4354.0,-0.49059184149285445,0.02818858535799017,-17.403918474887003,1.928974519632171e-65,4354.0
