,coef_t0,std_err0,tval0,pval0,nobs0,coef_t1,std_err1,tval1,pval1,nobs1,coef_t2,std_err2,tval2,pval2,nobs2,coef_t3,std_err3,tval3,pval3,nobs3
const,-0.0004080738327330689,9.572348560895662e-05,-4.2630481969712815,2.0614540103290687e-05,4354.0,-0.001319372395641088,0.00018496500063116972,-7.1330921587267655,1.1527814696301893e-12,4354.0,-0.0024989951651073856,0.0002356614421488405,-10.604174965241258,6.109483489036363e-26,4354.0,-0.003759776763587963,0.0002911581384392708,-12.913177642026207,1.9819216032469733e-37,4354.0
beta_1,0.04343776682200055,0.03332649778969663,1.3034002881463878,0.1925105465517855,4354.0,-0.047636680361301365,0.046667707719432766,-1.0207632362766579,0.3074262126467761,4354.0,-0.11803725001074893,0.04786790717418794,-2.4658953561771497,0.013707336910499586,4354.0,-0.1250530772888389,0.048483885025111466,-2.5792709726967966,0.009935065215675713,4354.0
