,coef_t0,std_err0,tval0,pval0,nobs0,coef_t1,std_err1,tval1,pval1,nobs1,coef_t2,std_err2,tval2,pval2,nobs2,coef_t3,std_err3,tval3,pval3,nobs3
const,0.00013747643897484403,8.218799006258354e-05,1.6727071542954157,0.09445683660083795,4354.0,0.00016565201051948634,0.00017790705107375036,0.9311154871023984,0.3518454756469479,4354.0,6.661906316737418e-05,0.0002585076419393967,0.25770635895936894,0.7966457225820116,4354.0,-0.00014503639480390859,0.0003324753172962542,-0.4362320667391769,0.6626900029388909,4354.0
beta_1,0.054849079462922626,0.03315159248772316,1.6544930528822883,0.09809948506015556,4354.0,-0.008184713239447342,0.047573101419677806,-0.17204497909951008,0.8634101674281827,4354.0,-0.05331731469189811,0.050845191273356474,-1.0486205943301674,0.2944110033070667,4354.0,-0.035625148497470956,0.054221034092043964,-0.6570355784250591,0.5111927832342016,4354.0
