,coef_t0,std_err0,tval0,pval0,nobs0,coef_t1,std_err1,tval1,pval1,nobs1,coef_t2,std_err2,tval2,pval2,nobs2,coef_t3,std_err3,tval3,pval3,nobs3
const,0.0010363660339324737,0.0034820261600775225,0.2976330407320663,0.7660012895233421,3627.0,-0.006082339065130634,0.006587661526454021,-0.9232925888353299,0.35591973031114477,3627.0,-0.022903707246605055,0.005772431082776856,-3.967774914618316,7.403184809771552e-05,3627.0,-0.03195025470667681,0.00045833514670065887,-69.70937083195955,0.0,3627.0
beta_1,0.0014075492435186127,0.03931972905973313,0.035797531599984174,0.9714458855770118,3627.0,-0.16200709801872237,0.05161830586450981,-3.1385589919197723,0.001712230019255083,3627.0,-0.2874742978734348,0.04521371729896697,-6.358121274846007,2.3121141572523015e-10,3627.0,-0.29011405075779123,0.038791679887703684,-7.478769973294004,9.477451949180404e-14,3627.0
