,coef_t0,std_err0,tval0,pval0,nobs0,coef_t1,std_err1,tval1,pval1,nobs1,coef_t2,std_err2,tval2,pval2,nobs2,coef_t3,std_err3,tval3,pval3,nobs3
const,0.00014571801382630873,8.1663349410551e-05,1.7843746904591424,0.0744319674384475,4384.0,0.00016183158781282563,0.00017705576862072603,0.9140147710153835,0.3607593722049084,4384.0,7.074427352886186e-05,0.00025744710630137775,0.2747914884156663,0.7834893920754152,4384.0,-0.00014148863332757002,0.00033104060385038593,-0.4274056767716504,0.6691048739784383,4384.0
beta_1,0.052678754071170876,0.032946026192561005,1.598941060851381,0.10990579380070785,4384.0,-0.008449592781730797,0.04719456786019127,-0.17903740122722997,0.8579166113528336,4384.0,-0.053360407624629985,0.05035996711296641,-1.0595798743262292,0.28939417357648073,4384.0,-0.03458773776874516,0.05366662246727887,-0.644492538911568,0.5192898293353765,4384.0
