,coef_t0,std_err0,tval0,pval0,nobs0,coef_t1,std_err1,tval1,pval1,nobs1,coef_t2,std_err2,tval2,pval2,nobs2,coef_t3,std_err3,tval3,pval3,nobs3
const,0.00013747643897484444,8.218799006258367e-05,1.6727071542954184,0.09445683660083738,4354.0,0.0001656520105194874,0.00017790705107375033,0.9311154871024045,0.35184547564694435,4354.0,6.66190631673737e-05,0.00025850764193939687,0.2577063589593669,0.7966457225820132,4354.0,-0.00014503639480390877,0.00033247531729625426,-0.4362320667391774,0.6626900029388906,4354.0
beta_1,0.05484907946292283,0.033151592487723425,1.6544930528822812,0.09809948506015696,4354.0,-0.008184713239447333,0.047573101419677966,-0.17204497909950933,0.8634101674281833,4354.0,-0.05331731469189846,0.05084519127335687,-1.048620594330166,0.2944110033070673,4354.0,-0.03562514849747111,0.05422103409204462,-0.6570355784250539,0.511192783234205,4354.0
