,mean_revisions,std_revisions,revisions_up,revisions_downn,revisions_na,mean_errors,std_errors
0,-0.012204059306973743,0.39971375246227137,0.4744557974233674,0.5255442025766326,0.0,0.007408185525661859,0.43216999553088
1,-0.03062086525904303,0.5485061666335991,0.4504664593513994,0.5071079520213239,0.042425588627276765,-0.0010603011249296814,0.8631655860141538
2,-0.047303719426463005,0.6713563970042338,0.44291426032874276,0.523989338071968,0.033096401599289206,-0.02912991794779767,1.2327215905884539
3,-0.06250969159741113,0.7915115941772873,0.44691248334073747,0.52998667258996,0.02310084406930253,-0.06114109403914128,1.5866108785288844
4,,,,,,-0.11569431740613015,1.9565336998508285
