,coef_t0,std_err0,tval0,pval0,nobs0,coef_t1,std_err1,tval1,pval1,nobs1,coef_t2,std_err2,tval2,pval2,nobs2,coef_t3,std_err3,tval3,pval3,nobs3
const,-0.00019261716654521362,4.389495135424479e-05,-4.388139423842576,1.1728719217811145e-05,4354.0,-0.0005386426055474581,7.565273062537235e-05,-7.119936069654683,1.2751797522290654e-12,4354.0,-0.0010661111859619433,0.00010685031005369215,-9.977614341280093,3.567135718899966e-23,4354.0,-0.0016904258312281967,0.00014130122413875832,-11.963278036205775,1.97866116289711e-32,4354.0
beta_1,-0.6214964759743945,0.01996074793077297,-31.135931285232523,1.135538511056354e-190,4354.0,-0.5761675998229114,0.022935838345093277,-25.1208432477539,2.175368100091612e-129,4354.0,-0.5303486310235425,0.02606122829630734,-20.350101115483053,1.1606585421762593e-87,4354.0,-0.4905918414928607,0.028188585357991118,-17.40391847488664,1.928974519643614e-65,4354.0
