,coef_t0,std_err0,tval0,pval0,nobs0,coef_t1,std_err1,tval1,pval1,nobs1,coef_t2,std_err2,tval2,pval2,nobs2,coef_t3,std_err3,tval3,pval3,nobs3
const,-0.007002257133044534,0.0011860627611031153,-5.903782972270355,3.914199877557069e-09,3627.0,-0.02099219693726926,0.0015406340702524086,-13.625686555036408,3.621312776751728e-41,3627.0,-0.02827760042196525,0.0023523650286010724,-12.020923656895908,1.3181646456479325e-32,3627.0,-0.030098929629280468,0.003853732121195117,-7.810332602969353,7.61200952509103e-15,3627.0
beta_1,-0.6277973405031558,0.02159515484505225,-29.071212733026222,1.4447125546970297e-165,3627.0,-0.5712238473767255,0.02255854472101176,-25.32183943783701,2.173335612098741e-129,3627.0,-0.5177876852266308,0.023592349925422505,-21.947270486551922,9.5527482604631e-100,3627.0,-0.47064772117252596,0.024413257213161513,-19.278366547450844,1.5105794692243015e-78,3627.0
