,mean_revisions,std_revisions,revisions_up,revisions_downn,revisions_na,mean_errors,std_errors
0,-0.011534852941176591,0.2705849792619363,0.47058823529411764,0.5294117647058824,0.0,0.008928398874734225,0.32599916396086875
1,-0.031848403168419456,0.36123730174521784,0.4588235294117647,0.5411764705882353,0.0,0.004852594480696446,0.7169374693419801
2,-0.053397205099280184,0.4212701589152699,0.4294117647058823,0.5705882352941176,0.0,-0.018939356112875966,1.0493881491572263
3,-0.07418177461765244,0.4822318178772883,0.40588235294117647,0.5941176470588235,0.0,-0.05671025640721239,1.3709848674355893
4,,,,,,-0.11527508443366119,1.7045799012547636
