,coef_t0,std_err0,tval0,pval0,nobs0,coef_t1,std_err1,tval1,pval1,nobs1,coef_t2,std_err2,tval2,pval2,nobs2,coef_t3,std_err3,tval3,pval3,nobs3
const,0.00012053079133333804,0.00020210263571987205,0.5963840644829683,0.5517460260060636,165.0,0.00022701337109240805,0.0006261486122725214,0.36255509737296043,0.7174069193867669,165.0,0.00014934104378990233,0.0010885921647983726,0.13718732195501615,0.8910520396692669,165.0,-4.216420376132708e-05,0.0014941730485609087,-0.028219090019015486,0.9775219317772654,165.0
beta_1,0.6411480186382651,0.12918655378937607,4.962962474280285,1.7341935304821499e-06,165.0,0.6123359641278585,0.20922452216420226,2.9266930940690066,0.003915476126074523,165.0,0.6057284130851204,0.2791308774660367,2.1700516208882066,0.03145058596938512,165.0,0.6869618795016093,0.31225595687295205,2.19999607495435,0.029214229259717023,165.0
