,mean_revisions,std_revisions,revisions_up,revisions_downn,revisions_na,mean_errors,std_errors
0,-0.028200886524822666,0.25027572864620706,0.4397163120567376,0.5602836879432624,0.0,-0.01572090359683417,0.3035026154870961
1,-0.06152667472655209,0.3361441586196481,0.4326241134751773,0.5673758865248227,0.0,-0.061574446559356996,0.6356961108789162
2,-0.09036629089827962,0.39508954193901297,0.40425531914893614,0.5957446808510638,0.0,-0.14382676670116148,0.8738916501439905
3,-0.11782462322005911,0.45665157131983086,0.3829787234042553,0.6170212765957447,0.0,-0.24885916485532214,1.0731401290468376
4,,,,,,-0.37707616987221254,1.2809630058980463
