,coef_t0,std_err0,tval0,pval0,nobs0,coef_t1,std_err1,tval1,pval1,nobs1,coef_t2,std_err2,tval2,pval2,nobs2,coef_t3,std_err3,tval3,pval3,nobs3
const,-1.9086740636357463e-05,0.00018838836433212645,-0.10131592099131859,0.9194456779124902,141.0,-0.00037385852072578863,0.0005870467129496036,-0.6368462891945081,0.5252724077320665,141.0,-0.0011634247615106442,0.0009721371196850795,-1.1967702271131584,0.2334333213065032,141.0,-0.002071408718824098,0.0012434533434744744,-1.6658515815608645,0.09799508328258594,141.0
beta_1,0.6147242519442913,0.15988321114701914,3.8448330349021274,0.00018297769344374795,141.0,0.41457823205419814,0.17861126429309618,2.321120303890166,0.021734793422992525,141.0,0.23921368040674248,0.20120680430738846,1.1888945864936555,0.23650826186414517,141.0,0.2804514072749419,0.20703210655908014,1.3546276079401738,0.17773398967320572,141.0
