,mean_revisions,std_revisions,revisions_up,revisions_downn,revisions_na,mean_errors,std_errors
0,-0.009710414808692785,0.275037352910996,0.4727272727272727,0.5272727272727272,0.0,0.005827265918584749,0.3285697423933264
1,-0.03182426833437412,0.36675720088925406,0.46060606060606063,0.5393939393939394,0.0,0.0032141930760481436,0.726011479997447
2,-0.05219814950560744,0.4264665552478507,0.4303030303030303,0.5696969696969697,0.0,-0.016683797887021234,1.0576786339673265
3,-0.07268329707037548,0.48741171713939213,0.4121212121212121,0.5878787878787879,0.0,-0.054147074739971594,1.3766716130322936
4,,,,,,-0.11232075558661217,1.7068228729142205
