,coef_t0,std_err0,tval0,pval0,nobs0,coef_t1,std_err1,tval1,pval1,nobs1,coef_t2,std_err2,tval2,pval2,nobs2,coef_t3,std_err3,tval3,pval3,nobs3
const,-3.423028295846625e-05,0.00018900982531865954,-0.1811031934491024,0.856550382104514,141.0,-0.00038891536836715366,0.0005868414533506814,-0.6627264760295449,0.5086031836817865,141.0,-0.001209508610736557,0.0009724458980922499,-1.2437798474026966,0.2156740982120248,141.0,-0.0021348709073013947,0.0012458725492970554,-1.7135548162658603,0.08883979185914505,141.0
beta_1,0.6017904730095545,0.16117531906058488,3.733763187298825,0.0002743232690739556,141.0,0.41255435983009187,0.1809609331248689,2.2797979249223697,0.024142065016090137,141.0,0.23743349310760378,0.20340593246403985,1.1672889292429054,0.24509223573146866,141.0,0.2770261508554196,0.2074465136217109,1.3354100101223714,0.18392489612971177,141.0
