,coef_t0,std_err0,tval0,pval0,nobs0,coef_t1,std_err1,tval1,pval1,nobs1,coef_t2,std_err2,tval2,pval2,nobs2,coef_t3,std_err3,tval3,pval3,nobs3
const,0.00014929535597831987,0.0001997134067983264,0.7475479907519708,0.4558033684772468,166.0,0.00024807969471305754,0.0006235150683642443,0.39787281382610407,0.6912413668748515,166.0,0.00020894416201490306,0.00108594829136333,0.1924071004822787,0.8476613782443196,166.0,3.598585949745779e-05,0.0014900045528140502,0.02415150975847304,0.9807611176077876,166.0
beta_1,0.6451022008886997,0.128131905818492,5.034672642757169,1.2496860946240467e-06,166.0,0.6118705757841174,0.2075142911654518,2.9485707820300004,0.0036589172154677697,166.0,0.6014474092393672,0.27657835511975365,2.1746004273506903,0.031092757957982848,166.0,0.6832555475849122,0.3093583010811918,2.20862199332285,0.02858763271314639,166.0
