,lambda,G,Theta
ols,0.4072183775157758,0.5927816224842243,
pld,,,0.03698019247438974
fe,,,0.14502874315141048
fe2,,,1.9722888520892192
