,lambda,G,Theta
ols,0.21693067966529336,0.7830693203347068,
pld,,,0.27962337810055365
fe,,,0.40867707875058773
fe2,,,0.8891018579708063
