,lambda,G,Theta
ols,0.40721837751577594,0.5927816224842241,
pld,,,0.03698019247438961
fe,,,0.14502874315140923
fe2,,,1.9722888520890607
