,lambda,G,Theta
ols,0.4072183775157758,0.5927816224842243,
pld,,,0.03696690516614333
fe,,,0.1443006201271881
fe2,,,1.3631813125165186
