,lambda,G,Theta
ols,0.4072183775157758,0.5927816224842243,
pld,,,0.03694118377955371
fe,,,0.14292647927194968
fe2,,,0.9630636016520322
